Stock,Count,Price,Points,Percentage
sos,74.0,8.0,1.37,20.67
rkt,43.0,25.72,0.72,2.88
fast,44.0,47.71,0.56,1.19
ge,80.0,13.01,0.42,3.34
ride,30.0,15.14,0.36,2.42
gold,99.0,20.52,0.21,1.01
nok,33.0,4.29,0.07,1.76
ford,133.0,3.49,0.06,1.78
uwmc,72.0,8.34,0.05,0.6
ev,77.0,0.0,0.0,0.0
sumo,33.0,21.89,-0.1,-0.46
nio,112.0,44.94,-0.56,-1.23
